Nombre,Compatibilidad,Edad,Imagen,Compatibilidad_num
Theo James,83%,37,https://www.okchicas.com/wp-content/uploads/2021/04/actores-menores-de-45-guapos-atractivos-628x700.png,83.0
Aaron TaylorJohnson,85%,30,https://www.okchicas.com/wp-content/uploads/2021/04/actores-menores-de-45-guapos-atractivos-2-628x700.png,85.0
Liam Hemsworth,83%,31,https://www.okchicas.com/wp-content/uploads/2021/04/actores-menores-de-45-guapos-atractivos-3-628x700.png,83.0
Tyler Hoechlin,95%,33,https://www.okchicas.com/wp-content/uploads/2021/04/actores-menores-de-45-guapos-atractivos-4-628x700.png,95.0
Robert Pattinson,63%,35,https://www.okchicas.com/wp-content/uploads/2021/04/actores-menores-de-45-guapos-atractivos-5-628x700.png,63.0
Tom Hardy,71%,44,https://www.okchicas.com/wp-content/uploads/2021/04/actores-menores-de-45-guapos-atractivos-6-628x700.png,71.0
Justin Baldoni,72%,37,https://www.okchicas.com/wp-content/uploads/2021/04/actores-menores-de-45-guapos-atractivos-7-628x700.png,72.0
Chris Hemsworth,92%,37,https://www.okchicas.com/wp-content/uploads/2021/04/actores-menores-de-45-guapos-atractivos-8-628x700.png,92.0
Martio Rivas,82%,36,https://www.okchicas.com/wp-content/uploads/2021/04/actores-menores-de-45-guapos-atractivos-9-627x700.png,82.0
Tom Ellis,74%,42,https://www.okchicas.com/wp-content/uploads/2021/04/actores-menores-de-45-guapos-atractivos-10-628x700.png,74.0
Alexander Skarsgrd,53%,44,https://www.okchicas.com/wp-content/uploads/2021/04/actores-menores-de-45-guapos-atractivos-11-628x700.png,53.0
Michael Fassbender,94%,44,https://www.okchicas.com/wp-content/uploads/2021/04/actores-menores-de-45-guapos-atractivos-12-628x700.png,94.0
Tom Hiddleston,84%,40,https://www.okchicas.com/wp-content/uploads/2021/04/actores-menores-de-45-guapos-atractivos-13-628x700.png,84.0
Evan Peters,54%,34,https://www.okchicas.com/wp-content/uploads/2021/04/actores-menores-de-45-guapos-atractivos-14-628x700.png,54.0
Michele Morrone,56%,30,https://www.okchicas.com/wp-content/uploads/2021/04/actores-menores-de-45-guapos-atractivos-15-628x700.png,56.0
Henry Cavill,74%,38,https://www.okchicas.com/wp-content/uploads/2021/04/actores-menores-de-45-guapos-atractivos-16-628x700.png,74.0
Jake Gyllenhaal,75%,41,https://www.okchicas.com/wp-content/uploads/2021/04/actores-menores-de-45-guapos-atractivos-17-628x700.png,75.0
Richard Madden,81%,34,https://www.okchicas.com/wp-content/uploads/2021/04/actores-menores-de-45-guapos-atractivos-18-628x700.png,81.0
Sam Claflin,52%,35,https://www.okchicas.com/wp-content/uploads/2021/04/actores-menores-de-45-guapos-atractivos-19-628x700.png,52.0
Mario Casas,61%,34,https://www.okchicas.com/wp-content/uploads/2021/04/actores-menores-de-45-guapos-atractivos-20-628x700.png,61.0
Jamie Dornan,72%,38,https://www.okchicas.com/wp-content/uploads/2021/04/actores-menores-de-45-guapos-atractivos-21-628x700.png,72.0
Sam Heughan,71%,40,https://www.okchicas.com/wp-content/uploads/2021/04/actores-menores-de-45-guapos-atractivos-22-628x700.png,71.0
Sebastian Stan,81%,38,https://www.okchicas.com/wp-content/uploads/2021/04/actores-menores-de-45-guapos-atractivos-23-628x700.png,81.0
Ryan Gosling,62%,40,https://www.okchicas.com/wp-content/uploads/2021/04/actores-menores-de-45-guapos-atractivos-24-628x700.png,62.0
Charlie Hunnam,82%,40,https://www.okchicas.com/wp-content/uploads/2021/04/actores-menores-de-45-guapos-atractivos-25-628x700.png,82.0
Chris Evans,72%,40,https://www.okchicas.com/wp-content/uploads/2021/04/actores-menores-de-45-guapos-atractivos-26-628x700.png,72.0
Yon Gonzalez,64%,34,https://www.okchicas.com/wp-content/uploads/2021/04/actores-menores-de-45-guapos-atractivos-27-628x700.png,64.0
Jason Momoa,53%,41,https://www.okchicas.com/wp-content/uploads/2021/04/actores-menores-de-45-guapos-atractivos-28-628x700.png,53.0
Joe Manganiello,76%,45,https://www.okchicas.com/wp-content/uploads/2021/04/actores-menores-de-45-guapos-atractivos-29-628x700.png,76.0
Travis Fimmel,83%,41,https://www.okchicas.com/wp-content/uploads/2021/04/actores-menores-de-45-guapos-atractivos-30-628x700.png,83.0
